<?xml version="1.0" encoding="UTF-8"?>
<GenRun Id="impl_1" LaunchPart="xc7a35ticsg324-1L" LaunchTime="1678599044">
  <File Type="BITSTR-BMM" Name="picoblaze_uart_bd.bmm"/>
  <File Type="OPT-METHODOLOGY-DRC" Name="picoblaze_uart_methodology_drc_opted.rpt"/>
  <File Type="INIT-TIMING" Name="picoblaze_uart_timing_summary_init.rpt"/>
  <File Type="ROUTE-PWR" Name="picoblaze_uart_power_routed.rpt"/>
  <File Type="PA-TCL" Name="picoblaze_uart.tcl"/>
  <File Type="OPT-TIMING" Name="picoblaze_uart_timing_summary_opted.rpt"/>
  <File Type="OPT-DCP" Name="picoblaze_uart_opt.dcp"/>
  <File Type="ROUTE-PWR-SUM" Name="picoblaze_uart_power_summary_routed.pb"/>
  <File Type="REPORTS-TCL" Name="picoblaze_uart_reports.tcl"/>
  <File Type="OPT-DRC" Name="picoblaze_uart_drc_opted.rpt"/>
  <File Type="OPT-HWDEF" Name="picoblaze_uart.hwdef"/>
  <File Type="PWROPT-DCP" Name="picoblaze_uart_pwropt.dcp"/>
  <File Type="PWROPT-DRC" Name="picoblaze_uart_drc_pwropted.rpt"/>
  <File Type="PWROPT-TIMING" Name="picoblaze_uart_timing_summary_pwropted.rpt"/>
  <File Type="PLACE-DCP" Name="picoblaze_uart_placed.dcp"/>
  <File Type="PLACE-IO" Name="picoblaze_uart_io_placed.rpt"/>
  <File Type="PLACE-CLK" Name="picoblaze_uart_clock_utilization_placed.rpt"/>
  <File Type="PLACE-UTIL" Name="picoblaze_uart_utilization_placed.rpt"/>
  <File Type="PLACE-UTIL-PB" Name="picoblaze_uart_utilization_placed.pb"/>
  <File Type="PLACE-CTRL" Name="picoblaze_uart_control_sets_placed.rpt"/>
  <File Type="PLACE-SIMILARITY" Name="picoblaze_uart_incremental_reuse_placed.rpt"/>
  <File Type="PLACE-PRE-SIMILARITY" Name="picoblaze_uart_incremental_reuse_pre_placed.rpt"/>
  <File Type="BG-BGN" Name="picoblaze_uart.bgn"/>
  <File Type="PLACE-TIMING" Name="picoblaze_uart_timing_summary_placed.rpt"/>
  <File Type="POSTPLACE-PWROPT-DCP" Name="picoblaze_uart_postplace_pwropt.dcp"/>
  <File Type="BG-BIN" Name="picoblaze_uart.bin"/>
  <File Type="POSTPLACE-PWROPT-TIMING" Name="picoblaze_uart_timing_summary_postplace_pwropted.rpt"/>
  <File Type="PHYSOPT-DCP" Name="picoblaze_uart_physopt.dcp"/>
  <File Type="PHYSOPT-DRC" Name="picoblaze_uart_drc_physopted.rpt"/>
  <File Type="BITSTR-MSK" Name="picoblaze_uart.msk"/>
  <File Type="PHYSOPT-TIMING" Name="picoblaze_uart_timing_summary_physopted.rpt"/>
  <File Type="ROUTE-ERROR-DCP" Name="picoblaze_uart_routed_error.dcp"/>
  <File Type="ROUTE-DCP" Name="picoblaze_uart_routed.dcp"/>
  <File Type="ROUTE-BLACKBOX-DCP" Name="picoblaze_uart_routed_bb.dcp"/>
  <File Type="ROUTE-DRC" Name="picoblaze_uart_drc_routed.rpt"/>
  <File Type="ROUTE-DRC-PB" Name="picoblaze_uart_drc_routed.pb"/>
  <File Type="BITSTR-LTX" Name="debug_nets.ltx"/>
  <File Type="BITSTR-LTX" Name="picoblaze_uart.ltx"/>
  <File Type="ROUTE-DRC-RPX" Name="picoblaze_uart_drc_routed.rpx"/>
  <File Type="BITSTR-MMI" Name="picoblaze_uart.mmi"/>
  <File Type="ROUTE-METHODOLOGY-DRC" Name="picoblaze_uart_methodology_drc_routed.rpt"/>
  <File Type="ROUTE-METHODOLOGY-DRC-RPX" Name="picoblaze_uart_methodology_drc_routed.rpx"/>
  <File Type="BITSTR-SYSDEF" Name="picoblaze_uart.sysdef"/>
  <File Type="ROUTE-METHODOLOGY-DRC-PB" Name="picoblaze_uart_methodology_drc_routed.pb"/>
  <File Type="ROUTE-PWR-RPX" Name="picoblaze_uart_power_routed.rpx"/>
  <File Type="ROUTE-STATUS" Name="picoblaze_uart_route_status.rpt"/>
  <File Type="ROUTE-STATUS-PB" Name="picoblaze_uart_route_status.pb"/>
  <File Type="ROUTE-TIMINGSUMMARY" Name="picoblaze_uart_timing_summary_routed.rpt"/>
  <File Type="ROUTE-TIMING-PB" Name="picoblaze_uart_timing_summary_routed.pb"/>
  <File Type="ROUTE-TIMING-RPX" Name="picoblaze_uart_timing_summary_routed.rpx"/>
  <File Type="ROUTE-SIMILARITY" Name="picoblaze_uart_incremental_reuse_routed.rpt"/>
  <File Type="ROUTE-CLK" Name="picoblaze_uart_clock_utilization_routed.rpt"/>
  <File Type="ROUTE-BUS-SKEW" Name="picoblaze_uart_bus_skew_routed.rpt"/>
  <File Type="ROUTE-BUS-SKEW-PB" Name="picoblaze_uart_bus_skew_routed.pb"/>
  <File Type="ROUTE-BUS-SKEW-RPX" Name="picoblaze_uart_bus_skew_routed.rpx"/>
  <File Type="POSTROUTE-PHYSOPT-DCP" Name="picoblaze_uart_postroute_physopt.dcp"/>
  <File Type="POSTROUTE-PHYSOPT-BLACKBOX-DCP" Name="picoblaze_uart_postroute_physopt_bb.dcp"/>
  <File Type="POSTROUTE-PHYSOPT-TIMING" Name="picoblaze_uart_timing_summary_postroute_physopted.rpt"/>
  <File Type="POSTROUTE-PHYSOPT-TIMING-PB" Name="picoblaze_uart_timing_summary_postroute_physopted.pb"/>
  <File Type="POSTROUTE-PHYSOPT-TIMING-RPX" Name="picoblaze_uart_timing_summary_postroute_physopted.rpx"/>
  <File Type="POSTROUTE-PHYSOPT-BUS-SKEW" Name="picoblaze_uart_bus_skew_postroute_physopted.rpt"/>
  <File Type="POSTROUTE-PHYSOPT-BUS-SKEW-PB" Name="picoblaze_uart_bus_skew_postroute_physopted.pb"/>
  <File Type="BG-BIT" Name="picoblaze_uart.bit"/>
  <File Type="POSTROUTE-PHYSOPT-BUS-SKEW-RPX" Name="picoblaze_uart_bus_skew_postroute_physopted.rpx"/>
  <File Type="BITSTR-RBT" Name="picoblaze_uart.rbt"/>
  <File Type="BITSTR-NKY" Name="picoblaze_uart.nky"/>
  <File Type="BG-DRC" Name="picoblaze_uart.drc"/>
  <File Type="RDI-RDI" Name="picoblaze_uart.vdi"/>
  <File Type="WBT-USG" Name="usage_statistics_webtalk.html"/>
  <FileSet Name="sources" Type="DesignSrcs" RelSrcDir="$PSRCDIR/sources_1">
    <Filter Type="Srcs"/>
    <File Path="$PSRCDIR/sources_1/imports/picoblaze_uart/baud_rate_clock.vhd">
      <FileInfo>
        <Attr Name="ImportPath" Val="$PPRDIR/../../../Downloads/picoblaze_uart/baud_rate_clock.vhd"/>
        <Attr Name="ImportTime" Val="1678456241"/>
        <Attr Name="UsedIn" Val="synthesis"/>
        <Attr Name="UsedIn" Val="simulation"/>
      </FileInfo>
    </File>
    <File Path="$PSRCDIR/sources_1/imports/picoblaze_uart/embedded_kcpsm6.vhd">
      <FileInfo>
        <Attr Name="ImportPath" Val="$PPRDIR/../../../Downloads/picoblaze_uart/embedded_kcpsm6.vhd"/>
        <Attr Name="ImportTime" Val="1678456241"/>
        <Attr Name="UsedIn" Val="synthesis"/>
        <Attr Name="UsedIn" Val="simulation"/>
      </FileInfo>
    </File>
    <File Path="$PSRCDIR/sources_1/imports/picoblaze_uart/kcpsm6.vhd">
      <FileInfo>
        <Attr Name="ImportPath" Val="$PPRDIR/../../../Downloads/picoblaze_uart/kcpsm6.vhd"/>
        <Attr Name="ImportTime" Val="1678456241"/>
        <Attr Name="UsedIn" Val="synthesis"/>
        <Attr Name="UsedIn" Val="simulation"/>
      </FileInfo>
    </File>
    <File Path="$PSRCDIR/sources_1/imports/picoblaze_uart/modulo_uart.vhd">
      <FileInfo>
        <Attr Name="ImportPath" Val="$PPRDIR/../../../Downloads/picoblaze_uart/modulo_uart.vhd"/>
        <Attr Name="ImportTime" Val="1678456241"/>
        <Attr Name="UsedIn" Val="synthesis"/>
        <Attr Name="UsedIn" Val="simulation"/>
      </FileInfo>
    </File>
    <File Path="$PSRCDIR/sources_1/imports/multipuertos/puerto_salida_leds.vhd">
      <FileInfo>
        <Attr Name="ImportPath" Val="$PPRDIR/../../../Downloads/multipuertos/puerto_salida_leds.vhd"/>
        <Attr Name="ImportTime" Val="1678198923"/>
        <Attr Name="UsedIn" Val="synthesis"/>
        <Attr Name="UsedIn" Val="simulation"/>
      </FileInfo>
    </File>
    <File Path="$PSRCDIR/sources_1/imports/picoblaze_uart/registro_puerto_entrada.vhd">
      <FileInfo>
        <Attr Name="ImportPath" Val="$PPRDIR/../../../Downloads/picoblaze_uart/registro_puerto_entrada.vhd"/>
        <Attr Name="ImportTime" Val="1678456241"/>
        <Attr Name="UsedIn" Val="synthesis"/>
        <Attr Name="UsedIn" Val="simulation"/>
      </FileInfo>
    </File>
    <File Path="$PSRCDIR/sources_1/imports/picoblaze_uart/uart_rx6.vhd">
      <FileInfo>
        <Attr Name="ImportPath" Val="$PPRDIR/../../../Downloads/picoblaze_uart/uart_rx6.vhd"/>
        <Attr Name="ImportTime" Val="1678456241"/>
        <Attr Name="UsedIn" Val="synthesis"/>
        <Attr Name="UsedIn" Val="simulation"/>
      </FileInfo>
    </File>
    <File Path="$PSRCDIR/sources_1/imports/picoblaze_uart/uart_tx6.vhd">
      <FileInfo>
        <Attr Name="ImportPath" Val="$PPRDIR/../../../Downloads/picoblaze_uart/uart_tx6.vhd"/>
        <Attr Name="ImportTime" Val="1678456241"/>
        <Attr Name="UsedIn" Val="synthesis"/>
        <Attr Name="UsedIn" Val="simulation"/>
      </FileInfo>
    </File>
    <File Path="$PSRCDIR/sources_1/imports/picoblaze_uart/kcpsm6/your_program.vhd">
      <FileInfo>
        <Attr Name="ImportPath" Val="$PPRDIR/../../../Downloads/picoblaze_uart/kcpsm6/your_program.vhd"/>
        <Attr Name="ImportTime" Val="1678596682"/>
        <Attr Name="UsedIn" Val="synthesis"/>
        <Attr Name="UsedIn" Val="simulation"/>
      </FileInfo>
    </File>
    <File Path="$PSRCDIR/sources_1/imports/picoblaze_uart/picoblaze_uart.vhd">
      <FileInfo>
        <Attr Name="ImportPath" Val="$PPRDIR/../../../Downloads/picoblaze_uart/picoblaze_uart.vhd"/>
        <Attr Name="ImportTime" Val="1678456241"/>
        <Attr Name="UsedIn" Val="synthesis"/>
        <Attr Name="UsedIn" Val="simulation"/>
      </FileInfo>
    </File>
    <Config>
      <Option Name="DesignMode" Val="RTL"/>
      <Option Name="TopModule" Val="picoblaze_uart"/>
      <Option Name="TopAutoSet" Val="TRUE"/>
    </Config>
  </FileSet>
  <FileSet Name="constrs_in" Type="Constrs" RelSrcDir="$PSRCDIR/constrs_1">
    <Filter Type="Constrs"/>
    <File Path="$PSRCDIR/constrs_1/new/pines_uart.xdc">
      <FileInfo>
        <Attr Name="UsedIn" Val="synthesis"/>
        <Attr Name="UsedIn" Val="implementation"/>
      </FileInfo>
    </File>
    <Config>
      <Option Name="TargetConstrsFile" Val="$PSRCDIR/constrs_1/new/pines_uart.xdc"/>
      <Option Name="ConstrsType" Val="XDC"/>
    </Config>
  </FileSet>
  <FileSet Name="utils" Type="Utils" RelSrcDir="$PSRCDIR/utils_1">
    <Filter Type="Utils"/>
    <Config>
      <Option Name="TopAutoSet" Val="TRUE"/>
    </Config>
  </FileSet>
  <Strategy Version="1" Minor="2">
    <StratHandle Name="Vivado Implementation Defaults" Flow="Vivado Implementation 2019">
      <Desc>Default settings for Implementation.</Desc>
    </StratHandle>
    <Step Id="init_design"/>
    <Step Id="opt_design"/>
    <Step Id="power_opt_design"/>
    <Step Id="place_design"/>
    <Step Id="post_place_power_opt_design"/>
    <Step Id="phys_opt_design"/>
    <Step Id="route_design"/>
    <Step Id="post_route_phys_opt_design"/>
    <Step Id="write_bitstream"/>
  </Strategy>
</GenRun>
