<?xml version="1.0" encoding="UTF-8"?>
<GenRun Id="synth_1" LaunchPart="xc7a35ticsg324-1L" LaunchTime="1678598921">
  <File Type="PA-TCL" Name="picoblaze_uart.tcl"/>
  <File Type="RDS-PROPCONSTRS" Name="picoblaze_uart_drc_synth.rpt"/>
  <File Type="REPORTS-TCL" Name="picoblaze_uart_reports.tcl"/>
  <File Type="RDS-RDS" Name="picoblaze_uart.vds"/>
  <File Type="RDS-UTIL" Name="picoblaze_uart_utilization_synth.rpt"/>
  <File Type="RDS-UTIL-PB" Name="picoblaze_uart_utilization_synth.pb"/>
  <File Type="RDS-DCP" Name="picoblaze_uart.dcp"/>
  <File Type="VDS-TIMINGSUMMARY" Name="picoblaze_uart_timing_summary_synth.rpt"/>
  <File Type="VDS-TIMING-PB" Name="picoblaze_uart_timing_summary_synth.pb"/>
  <FileSet Name="sources" Type="DesignSrcs" RelSrcDir="$PSRCDIR/sources_1">
    <Filter Type="Srcs"/>
    <File Path="$PSRCDIR/sources_1/imports/picoblaze_uart/baud_rate_clock.vhd">
      <FileInfo>
        <Attr Name="ImportPath" Val="$PPRDIR/../../../Downloads/picoblaze_uart/baud_rate_clock.vhd"/>
        <Attr Name="ImportTime" Val="1678456241"/>
        <Attr Name="UsedIn" Val="synthesis"/>
        <Attr Name="UsedIn" Val="simulation"/>
      </FileInfo>
    </File>
    <File Path="$PSRCDIR/sources_1/imports/picoblaze_uart/embedded_kcpsm6.vhd">
      <FileInfo>
        <Attr Name="ImportPath" Val="$PPRDIR/../../../Downloads/picoblaze_uart/embedded_kcpsm6.vhd"/>
        <Attr Name="ImportTime" Val="1678456241"/>
        <Attr Name="UsedIn" Val="synthesis"/>
        <Attr Name="UsedIn" Val="simulation"/>
      </FileInfo>
    </File>
    <File Path="$PSRCDIR/sources_1/imports/picoblaze_uart/kcpsm6.vhd">
      <FileInfo>
        <Attr Name="ImportPath" Val="$PPRDIR/../../../Downloads/picoblaze_uart/kcpsm6.vhd"/>
        <Attr Name="ImportTime" Val="1678456241"/>
        <Attr Name="UsedIn" Val="synthesis"/>
        <Attr Name="UsedIn" Val="simulation"/>
      </FileInfo>
    </File>
    <File Path="$PSRCDIR/sources_1/imports/picoblaze_uart/modulo_uart.vhd">
      <FileInfo>
        <Attr Name="ImportPath" Val="$PPRDIR/../../../Downloads/picoblaze_uart/modulo_uart.vhd"/>
        <Attr Name="ImportTime" Val="1678456241"/>
        <Attr Name="UsedIn" Val="synthesis"/>
        <Attr Name="UsedIn" Val="simulation"/>
      </FileInfo>
    </File>
    <File Path="$PSRCDIR/sources_1/imports/multipuertos/puerto_salida_leds.vhd">
      <FileInfo>
        <Attr Name="ImportPath" Val="$PPRDIR/../../../Downloads/multipuertos/puerto_salida_leds.vhd"/>
        <Attr Name="ImportTime" Val="1678198923"/>
        <Attr Name="UsedIn" Val="synthesis"/>
        <Attr Name="UsedIn" Val="simulation"/>
      </FileInfo>
    </File>
    <File Path="$PSRCDIR/sources_1/imports/picoblaze_uart/registro_puerto_entrada.vhd">
      <FileInfo>
        <Attr Name="ImportPath" Val="$PPRDIR/../../../Downloads/picoblaze_uart/registro_puerto_entrada.vhd"/>
        <Attr Name="ImportTime" Val="1678456241"/>
        <Attr Name="UsedIn" Val="synthesis"/>
        <Attr Name="UsedIn" Val="simulation"/>
      </FileInfo>
    </File>
    <File Path="$PSRCDIR/sources_1/imports/picoblaze_uart/uart_rx6.vhd">
      <FileInfo>
        <Attr Name="ImportPath" Val="$PPRDIR/../../../Downloads/picoblaze_uart/uart_rx6.vhd"/>
        <Attr Name="ImportTime" Val="1678456241"/>
        <Attr Name="UsedIn" Val="synthesis"/>
        <Attr Name="UsedIn" Val="simulation"/>
      </FileInfo>
    </File>
    <File Path="$PSRCDIR/sources_1/imports/picoblaze_uart/uart_tx6.vhd">
      <FileInfo>
        <Attr Name="ImportPath" Val="$PPRDIR/../../../Downloads/picoblaze_uart/uart_tx6.vhd"/>
        <Attr Name="ImportTime" Val="1678456241"/>
        <Attr Name="UsedIn" Val="synthesis"/>
        <Attr Name="UsedIn" Val="simulation"/>
      </FileInfo>
    </File>
    <File Path="$PSRCDIR/sources_1/imports/picoblaze_uart/kcpsm6/your_program.vhd">
      <FileInfo>
        <Attr Name="ImportPath" Val="$PPRDIR/../../../Downloads/picoblaze_uart/kcpsm6/your_program.vhd"/>
        <Attr Name="ImportTime" Val="1678596682"/>
        <Attr Name="UsedIn" Val="synthesis"/>
        <Attr Name="UsedIn" Val="simulation"/>
      </FileInfo>
    </File>
    <File Path="$PSRCDIR/sources_1/imports/picoblaze_uart/picoblaze_uart.vhd">
      <FileInfo>
        <Attr Name="ImportPath" Val="$PPRDIR/../../../Downloads/picoblaze_uart/picoblaze_uart.vhd"/>
        <Attr Name="ImportTime" Val="1678456241"/>
        <Attr Name="UsedIn" Val="synthesis"/>
        <Attr Name="UsedIn" Val="simulation"/>
      </FileInfo>
    </File>
    <Config>
      <Option Name="DesignMode" Val="RTL"/>
      <Option Name="TopModule" Val="picoblaze_uart"/>
      <Option Name="TopAutoSet" Val="TRUE"/>
    </Config>
  </FileSet>
  <FileSet Name="constrs_in" Type="Constrs" RelSrcDir="$PSRCDIR/constrs_1">
    <Filter Type="Constrs"/>
    <File Path="$PSRCDIR/constrs_1/new/pines_uart.xdc">
      <FileInfo>
        <Attr Name="UsedIn" Val="synthesis"/>
        <Attr Name="UsedIn" Val="implementation"/>
      </FileInfo>
    </File>
    <Config>
      <Option Name="TargetConstrsFile" Val="$PSRCDIR/constrs_1/new/pines_uart.xdc"/>
      <Option Name="ConstrsType" Val="XDC"/>
    </Config>
  </FileSet>
  <FileSet Name="utils" Type="Utils" RelSrcDir="$PSRCDIR/utils_1">
    <Filter Type="Utils"/>
    <Config>
      <Option Name="TopAutoSet" Val="TRUE"/>
    </Config>
  </FileSet>
  <Strategy Version="1" Minor="2">
    <StratHandle Name="Vivado Synthesis Defaults" Flow="Vivado Synthesis 2019">
      <Desc>Vivado Synthesis Defaults</Desc>
    </StratHandle>
    <Step Id="synth_design"/>
  </Strategy>
</GenRun>
